img_file,class
64ccfecf-e451-49a8-aa3f-acf2622a9a5c.jpg,22
c6df1385-382a-4428-b41e-f2d729b90c87.jpg,22
af30e9d0-da6e-42bd-814e-c70a0c16e554.jpg,22
3fc8998e-0324-426c-8233-6b76abc7e200.jpg,22
309d1085-0d11-4411-9555-b24cc8fcee02.jpg,22
e7ceaec2-8a7c-45d4-a762-95d4456d4413.jpg,22
505e9f5c-cf7f-4f70-950c-c5f3b6a4eb21.jpg,22
8735b452-0c4b-492f-bb45-f007684a1ff8.jpg,22
b54e4859-d207-429c-9f2a-0d0b95dac2a6.jpg,22
a01f2923-c7b5-44c7-b25d-53572d099f6f.jpg,19
9cc9e91c-a6a6-4f11-b103-91d151c52728.jpg,22
35ed675f-7783-45b2-a66f-c32cb9bdccb4.jpg,22
bfc9b7fb-6d57-4265-a3b1-ca36b68e1fdc.jpg,22
746fcf67-ac23-4e13-87fd-84ba122be306.jpg,22
f8e0b105-9523-447c-aee4-57bcd4c26dfc.jpg,15
3f0bbf05-96ad-408b-b323-959622f6ac22.jpg,15
24b5755b-f220-456a-b3ee-b46429eccdbd.jpg,15
836af0c5-dfab-44b7-99f9-6e36860b1b28.jpg,22
7ca8e6da-7716-4711-beb1-be0c20454f05.jpg,22
4bbfd2f6-b460-45fb-a3fa-87bee48fe341.jpg,10
4e81e0b1-23c5-4f85-b14b-390f1bc29b5f.jpg,10
24d0db75-1fe8-4737-946c-184ff9832c84.jpg,10
56f10a13-992d-4c16-85b3-664561636cd7.jpg,10
6e1d2c01-c0b8-4aef-8233-2bc1dec6e859.jpg,10
d1aecf10-65ed-4528-a9f1-e598eb59a5b6.jpg,10
3ea98f4e-0600-4cfe-96c0-e0defee45a2f.jpg,10
c0bd1195-60e8-4c69-b920-0f654ebf5601.jpg,10
6f485f4e-c208-46e7-80d9-7886aec2d909.jpg,10
18edb292-2421-4aa0-9fbb-0d7078a298fc.jpg,10
0f761e62-00e8-4bab-a401-2baef80fabc2.jpg,10
660c0d2e-1858-4f46-80c6-0ee1296f2f13.jpg,10
4c689be7-9943-4fc0-bed3-91e48f260d1e.jpg,10
648c2e76-9747-4e3c-80d2-5e9491d094e1.jpg,10
8d24a4c9-e604-4afe-b747-5aa9f22e682d.jpg,10
5ce5c52b-2122-47f3-9333-4538e8c49723.jpg,10
263c6ebe-6e7c-40bf-a90a-47a3925336e9.jpg,10
727eaa67-f3bb-4ee5-8fcd-7b5c5e68da89.jpg,10
da2f124b-fc02-4ae4-8363-0b3b49440da9.jpg,10
c84db7d2-1365-42af-b675-2cd6a924db87.jpg,10
6ee5239d-9c9d-4e61-b0cb-023e9a1c64f6.jpg,10
2f025e22-7132-4763-85ac-549c47fc0d94.jpg,10
9778eedf-df58-4ca6-a7ad-e41dcf31621d.jpg,10
4751ee2a-c9b9-4288-adcc-6ef90492a6b4.jpg,10
9881a588-43ad-458a-b948-3a10cea3379c.jpg,10
940bc028-cb91-4447-a233-0779a8212e90.jpg,10
452e322d-8757-49e8-9478-4610fe13c7c9.jpg,10
bbcdf8f7-ffe8-4bb8-a032-db8749f33794.jpg,10
9c42feb7-3157-434a-8852-ccd2ede60ed4.jpg,10
d3a5398b-00be-42c8-b32f-ac656290fb49.jpg,10
4d4f76af-6351-47aa-b95e-5371aad5b479.jpg,10
a3c6fa61-e40f-4379-a845-857cbb24d288.jpg,10
c1efc34c-dd26-4c93-be83-939c00903a55.jpg,10
1deebee9-7760-47d3-844d-4e701335da94.jpg,10
30404f25-8992-493f-8e78-74a779cd4429.jpg,10
889b4454-6a72-4836-8b00-ac89a4b5e67b.jpg,10
2d985826-4ce1-4717-89ff-356d0ee1bb71.jpg,10
863f0010-4d8c-4282-be30-e8d03590f795.jpg,10
d5b94de7-9868-4eb9-813d-3449df7c8f57.jpg,10
2073e919-2017-4b8e-89bd-2fb8ce55261a.jpg,10
5d4a3393-b71e-4cc7-aac1-5b52b09c0b61.jpg,10
063f2562-f763-4960-ab30-11827f85bf11.jpg,10
6596dc04-f108-4e9c-aaef-8a13587da5ec.jpg,10
cd3df5c3-53ed-41c2-adaf-b737131dea47.jpg,10
9b581c83-042f-488c-aea9-8f4b4117502d.jpg,10
74c3bb0c-402b-4df1-a2d1-9a80042118f2.jpg,10
018ba057-7929-44f2-b942-27895362c9d7.jpg,10
66a6c146-3c3b-4190-9f34-0885395ebf60.jpg,10
00b785ff-e7ec-47cf-aec6-a33b03b81c50.jpg,10
6269d4aa-cda4-48a0-8064-1709fabdc45e.jpg,10
49b77bd6-00f2-4dcc-85b4-a0e8d89cf112.jpg,10
cbd9525f-c13a-4077-a36d-29cabd8cf72c.jpg,10
fd526acf-1685-4701-b6c2-a0f300d7ee52.jpg,10
640497fd-4adb-4dd0-9713-51c834ac9e6f.jpg,10
e3847623-de00-4246-b4af-3f10e22c52af.jpg,10
4d25bc62-6f3f-4c1b-b90a-a08f5162c90b.jpg,10
9ddde1fe-6153-4e79-82dd-5ba71cad6bb9.jpg,10
abfb1151-29a0-4016-b508-25a550a7d792.jpg,10
f32907f2-3471-49bd-acfc-df56c484f1ae.jpg,10
d4798634-39c1-4487-acf8-b46a830af033.jpg,10
b0f2f371-15e4-4f64-ad0a-c2faf91ddf2c.jpg,10
371d8d8c-08d6-4323-b88d-2470a4b0ecde.jpg,10
42346796-f8ed-4111-853d-87e15dcdd15b.jpg,10
3ca84718-b013-4005-92ce-888dd7f175d4.jpg,10
2bec3e65-a681-46e7-9951-7c8d1e7b8981.jpg,10
9864a06c-6b1e-4187-87d9-38f93a62b7c2.jpg,10
b5bf2b1b-480e-4ecd-a4a8-c5a76f4cc7ae.jpg,10
fc419876-7ab9-47cb-9280-6ea47019cd55.jpg,10
5edd1191-0893-4854-a4c3-7cdc867caf49.jpg,22
404d22d4-bbeb-49da-a78d-f6787e8179f2.jpg,22
27c3e943-f671-4602-8aa6-9b29fa7d0066.jpg,22
814a9b77-b213-4304-98b4-39ee501ce95c.jpg,22
6e22539f-146c-44ad-ac67-76f0f1abc94a.jpg,22
deb58624-2735-4158-a4ee-1a7f1ad87be2.jpg,22
0f930867-66f2-4c62-89f7-95703e0f7b40.jpg,22
26aa5bee-07ff-4a57-bd75-7fff9ec21c00.jpg,22
e2580158-f550-4b3d-bf6b-caee8d9fb31a.jpg,22
4c739d53-9685-4527-a40b-521a2ff27d30.jpg,22
1cb1212d-3e8c-4e88-a011-fb1866770090.jpg,22
dda2e75a-499d-4b43-9b1e-f54da7c790ad.jpg,22
e7902811-2496-4f94-b3ef-5729a3926804.jpg,22
29f8b528-f1c4-4e54-b4ba-404c7738df7a.jpg,22
fb6d9c31-8b15-4d17-815e-7b28a8756391.jpg,22
12eea2b4-eefd-4ab9-afab-38de918ed2ee.jpg,22
f5c41a0a-db31-4067-8584-28db1bbffd9b.jpg,22
a5c2a351-9c91-4acd-940d-042d00e8a0f8.jpg,1
7b9208e7-7973-437e-a50b-895f70737e28.jpg,1
c8ca0373-cb7e-417a-b136-4d0833b4e653.jpg,1
4a53091f-b5d6-4f6a-a471-2180548e1865.jpg,1
b05eb3b6-859e-4f7c-b1e7-130303cd9e4b.jpg,1
2d1cb9f6-fccb-4cad-a327-77dcf04d155b.jpg,1
d7a90d8e-abf0-46cd-994b-f3e6db3bd7db.jpg,22
5161cf70-c3de-40eb-a617-d72f7ef4e583.jpg,22
eb27e8e0-7ee8-4a10-8e68-ce0b90c32999.jpg,1
abfbc1be-9d19-49d8-be5c-ade8a96fcd55.jpg,1
ab67d8cc-508b-4b36-89c7-bce8135911b4.jpg,1
55531a86-7bca-4138-9f65-b24260e1c64c.jpg,22
67f1ce19-a316-47e1-82ba-1cfd29353382.jpg,1
6a38a1c6-5091-465d-ac50-1915664aab51.jpg,1
2381ed18-0de0-4c2e-bf21-9ac6f9253c39.jpg,1
e2651dc4-014e-4558-820c-29bce9cbfec7.jpg,1
c629b3f8-c221-443e-94bb-ef5c45349996.jpg,1
0d2f356d-ac45-4a53-b12f-92d71197f0c7.jpg,22
8b0a1323-950a-4775-a11b-10c372ae35b4.jpg,1
d84ecc7c-6e7d-4288-9818-a781e65cad0f.jpg,1
6ed4e138-a4d1-4049-b307-8811c31528ab.jpg,22
18251315-507e-49d9-a8ca-d6cd4b848fcc.jpg,1
81116b4f-d4bf-4892-a94b-b1524a0cb829.jpg,1
0dfd6e23-2e39-477a-bdfc-ff4f993b4ac8.jpg,1
fc1bcd45-1e7c-4d25-bc1a-a4f66d625b60.jpg,1
fa94726b-affb-4425-972c-e108eb2959fd.jpg,1
17183648-95d4-431a-a2cd-9194be0c30b7.jpg,1
98710670-b734-47dc-8ed6-627d0b82673a.jpg,1
f0e31df0-368b-4217-a2f3-762357e091a3.jpg,1
c7b3a50e-cce9-4f33-909a-a198efb9623f.jpg,1
3677f70a-fcd4-42e6-97e4-7e8cae95af2d.jpg,1
3868aa26-ecd4-4b3f-bca9-496852a738d7.jpg,1
90b4908d-b647-457d-9839-ab4f631bde45.jpg,22
8e97cf95-f2b8-4813-b619-8ead99c76cad.jpg,1
4bc454ab-d738-45e2-b21e-78ef79bdfce0.jpg,22
95ec11f3-4a45-4acf-bc97-67326100da10.jpg,1
7c8f9a39-3f5f-4512-b905-208058e63ff4.jpg,1
6ca3394b-fe1d-4011-ab22-cd578d4e96e8.jpg,1
b6a73632-a283-4f33-b707-b57c53cd55f9.jpg,1
62af04ac-8d27-46ca-91a5-81f9193c4efc.jpg,1
6d6f9df4-ec8f-45b2-80e3-399b4a014253.jpg,1
fae9d052-9c49-433a-9dc3-6a17b77df1e5.jpg,1
2282bd53-ec27-40ca-ab6d-5538261b8fdf.jpg,13
dcd743d6-1d96-43f0-98b7-2c3d8b840010.jpg,13
c20ade90-567c-4c94-84da-728bdd708b5e.jpg,13
68ef2992-c84f-42d5-b57b-13c4fdf89b50.jpg,13
a08dd759-9345-420b-9901-ad8780430fbd.jpg,13
9e4eddbe-0d5a-4368-9db5-aca7bbdb83cb.jpg,13
c760f01b-1c17-4abc-9a97-0688ff89416c.jpg,13
83acd0f2-a71a-4b9a-8c01-fc1dec21837a.jpg,6
ba8dbfbe-1e64-40c3-ae6a-38738bec19e3.jpg,6
b948439a-6de4-4908-89cd-563deecadf05.jpg,6
fe6f1dcd-b743-4e16-98f4-3e9125ed2898.jpg,22
139c1f08-a09c-4ed4-bfb9-41976b58ded1.jpg,6
7a53f7d8-c028-4e2e-9268-ce05fa5502ea.jpg,22
78a1ebae-4a69-4461-a597-652fa36300ea.jpg,11
5ac9c64c-3a72-4490-8b94-e962b1b3555f.jpg,22
134da23a-eba5-4e04-bbfc-f7ce8a30ffca.jpg,22
9cc0e434-101a-42db-aecf-d0e6e8ecaf20.jpg,22
565a9487-52a2-4d13-b7ba-b2b9b79c26cc.jpg,11
ec716583-b0a1-440a-97f8-c5bb52f3f478.jpg,11
1404c268-d6a7-436a-842f-b99442ca0a20.jpg,22
eaec0f19-247e-4cd1-b290-828dd3c632d6.jpg,11
6fe17f67-d89f-4c65-a2c7-cb2dbcad431d.jpg,22
ba3423d8-6c41-42ae-936e-990e3d16bbca.jpg,22
83456326-5048-44a3-9cf9-41e7d087581f.jpg,11
742edaa3-2160-4989-9daf-073d90100539.jpg,11
2a848360-8ab3-4025-8251-192f290a9ffd.jpg,22
bd86cbdb-3d21-4324-8f5e-f420a8580908.jpg,11
4495f592-1ede-4f29-bbcb-9bda6c17c968.jpg,22
05ce89a8-bc41-46d7-bb77-4cc99b78f9e1.jpg,22
74b67775-07b3-4111-b0c9-7f8798d4a187.jpg,11
81cf2cc1-8baa-423d-8064-38d93419348c.jpg,22
5885b42a-5b32-4d77-98a5-2d8d12dfda46.jpg,22
02ce0cf9-b8d9-4ba9-a7f3-8e6f16a0c03e.jpg,22
a740d346-1816-4773-a641-d32bc4bfc156.jpg,22
091f52bb-c559-44c1-9299-8931ffd81df7.jpg,22
8b3d3529-2484-4e77-b6cc-2f4294906f7e.jpg,22
ceefc7de-0eb6-43cd-8b39-521c4091a354.jpg,22
70b15380-cab1-4307-aa53-5cb4d7b9d06d.jpg,22
82e825f4-da92-4a7b-916b-e683aae2138b.jpg,22
b7ac103a-3277-4cac-a9f9-6b05e1b3f804.jpg,22
ec7e9f27-f1f9-4562-acbb-c8f1e191a4de.jpg,22
66fd5197-deca-4773-8ec7-25dca9520b64.jpg,22
de6a40e4-90e4-4e71-b1b8-1d95fc41f35c.jpg,22
b746e860-463d-4ad3-85a8-17b8d11812e5.jpg,22
89225e89-b353-4c4b-8d99-ae6d1420d5a2.jpg,22
0d0cd484-d4e2-42d0-854d-fd1022d7e10c.jpg,22
f9a4fa7d-4af5-47d6-b5d5-70f99530c5e9.jpg,22
284f0e26-de1a-4d86-9e18-12913521a8fa.jpg,22
e58513a0-8d75-4f01-8c49-ecfe4ac59091.jpg,22
6e4a6163-d91a-4258-a44b-3cacfea8d358.jpg,22
f474642f-001e-4c3c-ba0f-349c76124cec.jpg,22
dda2bed8-7ecd-45f2-994a-8d60c042cb58.jpg,22
1a2df0da-8511-4bc0-a49e-e53f0db7f8f4.jpg,22
8bdbe21c-601d-425c-bcc2-e3bf572a0e8b.jpg,22
7df0357c-4191-4892-ab67-678a6c89af7c.jpg,22
0c67e9d3-b787-477d-878a-d5e700fcc9fa.jpg,22
f2a6c23f-783a-43d0-92f6-9cea4fdb6e9f.jpg,22
c286de54-3ab2-4d51-84fe-2c2c457c702b.jpg,22
dd66e2af-673e-49a3-a2d1-54998a170104.jpg,22
ede3c74e-6bbc-4ee4-b874-4f900a0d5663.jpg,22
bcc732ca-c354-4069-83a4-169d793a4bf3.jpg,22
f0b35d1b-10cc-45ec-9531-f31b291eb7b0.jpg,22
df4d28b9-823e-4052-9075-08a5773d190d.jpg,22
6945b399-ee83-4e7b-af54-7d83acf7af82.jpg,22
76c7ba11-e441-4c96-b1ac-2ada4c5f5de8.jpg,22
2a4e00bc-82df-461c-ad04-4dff9747e606.jpg,22
38c3bec3-979a-4841-9601-0c48b580b42f.jpg,22
9d78cdf9-5083-4996-8620-3ee06abf3f4d.jpg,22
d094ebbb-6342-4a11-99c0-3704fe180ac7.jpg,22
2e739168-36f3-4fc9-acc4-dd596479dcbf.jpg,22
6525673f-1d71-474c-9986-08221891ffa1.jpg,22
6451087f-3668-4594-9e7f-51fe89e6fb4a.jpg,22
1d4fb71d-89fd-4b44-9685-0075489378ee.jpg,22
0ab41e7f-8c3e-4044-8865-b4cb4a696722.jpg,22
5103fc8d-dbe0-4022-85df-62a881c96093.jpg,22
37192ea5-8d9d-4f2c-974a-508ec74e8fd4.jpg,22
cf6db7c9-19e0-4261-8273-00fd458c4c9d.jpg,22
4d1677a3-b2fc-477f-8635-41853c4a81c4.jpg,22
d570dde3-6ce9-42e4-aedf-b2c5b1081cb0.jpg,22
563119c0-fd50-4f6c-bd0c-99fcee243f1a.jpg,22
1a72affe-e532-4174-bf4a-b28c05e17df8.jpg,22
904af627-d25d-4dc0-b46f-99016669ffb1.jpg,22
f158e775-3405-4e4e-b82d-bd068663c7cd.jpg,22
a1f767c3-4e11-4fcf-b210-06e6faf70c9c.jpg,22
1bef6d34-8bb2-4b9b-ace6-45b074b46eea.jpg,3
ed291c20-5bae-4cec-b0d4-275ecf2fe133.jpg,3
74b15685-4ad4-4a3a-afee-291125ca4757.jpg,3
c412149a-ffcc-47a9-a0ce-ea047e698357.jpg,3
a5e451d1-9220-4638-9285-d05a1b2f14f4.jpg,3
0f314a5f-2b6a-414d-8ff7-65f0978c35c0.jpg,3
3b28af16-00b1-4dd7-a586-d9fabe2cccfa.jpg,3
04895d43-40e7-4297-8685-9ddd4a9b1f39.jpg,3
0bef5e09-921a-4686-9633-de3842a0bf6e.jpg,3
e54445c3-bb69-49e2-bd84-6e67d5f4a1e4.jpg,3
603e0c36-043f-45ac-8d00-099c40176f25.jpg,3
df80f15a-b88e-484c-b256-16633f4154b3.jpg,3
88f05c83-b8db-41f5-abbc-9e3863360b46.jpg,3
fc405221-4f42-4e1c-b086-765bbf985fe9.jpg,3
0609673c-08e3-4035-af1b-6e6db43dde06.jpg,3
b50a9e8c-46c5-4391-b6ae-3c9f6b3f3c46.jpg,3
b1714d58-2d44-43fd-8c0b-5ffce4ffa8f8.jpg,3
d599cd51-251d-454a-aed9-8eed44424b1a.jpg,3
1b403ee8-b5b2-4daa-85df-8c18fc2ebf0f.jpg,3
41d6d56c-cf89-449f-881f-dcc6f91ad854.jpg,3
7aedfb4d-7d44-41c2-9889-c1fe3cfd7f9e.jpg,3
1824e77a-2ca6-41da-a33e-c997a6404329.jpg,3
95837d1d-cd98-4e08-a102-3223496e9b2c.jpg,3
338ecd53-84c2-4b31-bd79-e31e94047e7c.jpg,3
fcf851f5-79e8-4e57-849d-d2a8cb74ba99.jpg,3
f71e4b08-c11d-475c-bdab-b38e9c0f68ad.jpg,3
dfc5ab41-703c-4899-ba44-23dfd98fa6c6.jpg,3
e6fc3792-1ced-4c5d-bd83-9ea388605d1b.jpg,3
f7cc7ebf-6450-4e04-ad20-ae94edd9109d.jpg,3
78a9de32-6557-417a-a697-d80d45bb776f.jpg,3
2f5e305b-83ed-4c48-8a17-976909cfbf2f.jpg,3
26ffbb77-1b9d-4495-bd79-50348d23a6e1.jpg,3
3e735ab3-c538-4330-b2af-60dce21e1a51.jpg,3
9ffe490f-b241-4338-ae35-5dec6d4baa1c.jpg,3
d224e36c-a964-4473-b424-c8d283948d47.jpg,3
15b55a3f-d705-4d96-b5ec-5c510cf5cccc.jpg,3
80abe5c9-c5dd-4710-80d3-ca052cfd482d.jpg,3
eca97b8e-5bbe-467d-8368-7fa076aec6f6.jpg,3
2ca6498b-f026-4224-a332-7044f6ccfd15.jpg,3
42b2d6b1-5b0f-4075-9eb1-b6201533ebfb.jpg,3
78a1e160-5544-4e47-8062-ac8d499a52aa.jpg,3
d7ea5029-c8ca-4080-a13b-2458e5032227.jpg,3
84ec2b5e-d337-4259-a3e6-d52591d47007.jpg,3
967ab6b0-8871-4073-ac32-57f74a5245f8.jpg,3
ace816a5-e3f8-437e-8c95-644d2546b8af.jpg,3
836e8e80-e09c-4263-a6c0-698d3be0a931.jpg,3
711f228e-fce5-4db3-97b9-64933403aad1.jpg,3
bb6f04f9-4d10-4e4a-a7ed-433b080001e1.jpg,3
fb44645b-1eb8-4daf-8a36-c7092dfb56d4.jpg,3
a4a96335-cd14-4f3f-8601-317ff8e622aa.jpg,3
4b23d7b1-50d1-4591-9be1-a884ceb483f7.jpg,3
59034ac0-c4c2-4491-8d68-5ae9cc1419c3.jpg,3
579b0992-de92-4d9a-93a8-5ff79b3ff8ff.jpg,3
f09c7098-d598-4d7f-bd22-7b4fd3a987fd.jpg,3
e7f409c7-ce20-4833-98f9-6be10e727eef.jpg,3
cd4512f4-a6bb-4065-ab23-11ef7872496f.jpg,3
cf88db8d-3394-405b-a2e0-f2f6214b36dd.jpg,3
71b760a6-6c3f-4f69-84d0-a7d6d2a4e6d9.jpg,3
3142be10-794e-4ff5-997c-32480c18d70a.jpg,3
1d4a0956-d379-4451-a12a-16a1a3ea5d3c.jpg,3
062a5f04-7c9e-4e7b-9ce1-8e75cfdb0656.jpg,3
d0926834-a32f-4477-88d1-dd06344fc258.jpg,3
52b8da9d-5d18-4dc4-919e-920ddbf479a7.jpg,3
8d6bb526-ffcd-40bf-83f3-cedeadff4932.jpg,3
dc9e0389-330b-4306-adb6-a2744e6e8f81.jpg,3
21529e69-24af-48c3-808a-a7cc04844ddb.jpg,3
41ca57cb-2382-40bb-9cc6-6fb64738c7fc.jpg,3
11684b5b-dd1e-42b2-a05b-f1dadec65c47.jpg,3
5891ed71-3ebe-4364-8874-c4fe026948f3.jpg,3
bd23df40-2b20-406f-a711-a19bfb560602.jpg,3
28d68368-5deb-43d6-b080-2dc9b82129f9.jpg,3
b20f9117-f590-4fbe-9bd6-e5d2925315ee.jpg,3
0e006be6-3ec2-4445-b420-ac0c119ba696.jpg,3
f1fc34f8-9309-4d0a-bb21-4c4fde06f563.jpg,3
c254d208-1946-44e4-8b66-e58937a2b247.jpg,3
9a318126-2c3f-47d8-9288-a2f24510b9f5.jpg,3
3d94e46f-f7ed-47b9-bec8-7f32348e9e7b.jpg,3
19031337-daba-4a54-ba0b-93328422a714.jpg,3
ede711b0-907a-450e-b892-94dec46fbb31.jpg,3
ccda9689-f77d-49d9-84fb-361543642c5b.jpg,3
d2374401-434e-4350-b06c-6cc0d6926c9b.jpg,3
14c638e6-f2c1-40c0-88e5-0637fe69593d.jpg,3
fc5b09e0-6635-4256-9cb6-9a5de9238c40.jpg,3
61e60fbf-c29f-4d0e-adba-dcba4e1bf448.jpg,3
30f2db07-bcd9-406b-8a1c-d1126b45650c.jpg,3
a762495e-35bf-4db2-b988-b51521daa3b6.jpg,3
d2cba86a-9034-4927-bc71-df6134ec1a54.jpg,3
37c6de7e-baa5-4cba-bcbd-510a8cd3bca8.jpg,3
bc916a9c-5c34-426f-b7dd-68cb6dddff23.jpg,3
ff4ed7ea-9cd0-4eac-9809-019bb020c064.jpg,3
a12a6908-40a4-41ae-8875-de4cbfeb71a4.jpg,3
4ed9a8d9-145a-4b05-9a39-638fc7feeac1.jpg,3
d607019d-0e5f-41bf-a1e9-11392f673264.jpg,3
1b919964-69dd-448d-8126-31de0cedc838.jpg,3
f5dfa1e7-af91-424a-98b9-f458062a1743.jpg,3
47a5c67c-fd64-47f9-80a2-9d0375c584a9.jpg,3
a69c6a32-b497-4555-a5eb-e858268db72b.jpg,3
545ffe23-56cd-4c82-a1dc-4a3b6c5fce8d.jpg,3
f0505680-6028-476b-a14d-9d340373fa1a.jpg,3
cdf57531-2390-4031-8a9e-f85b83582f1e.jpg,3
cc429cd1-daa7-4194-a7f4-8742a34d3fd7.jpg,3
ac3fd84d-f731-4d53-bf91-848e915c5dfb.jpg,3
8f071655-ad20-41c0-bb37-3720dbaf6ba5.jpg,3
42ddb57f-f145-4c46-b501-5be2f2c44462.jpg,3
34d1d1d1-5ad5-452b-9008-00c74c3eff90.jpg,3
10646348-563f-4ede-bc01-b946b69ab62c.jpg,3
6d14ea61-32ec-4af6-a25a-a903b54e8094.jpg,3
559c30d8-c66a-451e-a88b-8231330389ac.jpg,3
60bd2256-8f24-42ca-81ad-6cbf8061ef70.jpg,3
83624b9f-6a4e-466f-8fde-51341e1dd68f.jpg,3
d3bde4f5-2c75-40d9-84b1-63f1ee7c0c63.jpg,3
588852b6-6f0d-47ae-bba2-6bbe4f080eb7.jpg,3
5f58be84-cfb9-4147-afc8-4270435b0e12.jpg,3
2363dfb7-59ac-4020-9a02-9325c8889b16.jpg,3
5e01faa0-5daa-4a59-ad42-75589f6880e2.jpg,22
cd6c115a-4559-4ec0-8b3d-bb53657c92e4.jpg,22
0edb36a9-1be9-451f-889a-a8e38831a74e.jpg,22
9ee5975a-74dd-44fb-85c0-59b4d6fbf040.jpg,22
41ce055c-592c-4791-b4da-ec74554cc1ca.jpg,22
1904487f-e9e0-4026-8414-6769b3dcedcb.jpg,22
34353cbe-bafb-4e56-9af9-95971890f666.jpg,22
ffbba892-286e-4578-a0b6-b5b769a98795.jpg,22
ccf7489b-2ee9-43fe-8abb-136ce67d0887.jpg,22
02651d4d-d7ba-43ae-a2fc-320b9e1f7de3.jpg,22
b6cb2f83-80b7-4639-b851-752fe6013831.jpg,22
9b1efad0-f2e1-4e85-930b-811fe834d07d.jpg,22
6ec09d4e-681b-4182-a9fa-025b8fdaa34c.jpg,22
932ed7cd-86ea-4b96-b40c-2b7bdee8b9ac.jpg,22
be23faa1-f863-4233-8ef9-c45c68bb1297.jpg,22
381c3da1-5d49-4065-8c71-317db3399510.jpg,22
005533b5-1214-4102-ac80-b7a8f5f027e6.jpg,22
a0f7af59-51b4-4dbc-9ba6-b665a3290b2d.jpg,22
f75f6679-25c1-40c2-8b69-33346f2aa738.jpg,22
c010175b-686f-4794-a065-6359da71e47c.jpg,22
8996d78d-d315-4073-981f-ef3e8fafffd8.jpg,22
acc4506c-7405-4ffd-a453-c8b48ddd2d5e.jpg,22
b5ee3b28-38bf-4c07-a4c8-a2bfc845ee8b.jpg,22
e9b637f0-39c5-46ca-9748-443dfb2b289f.jpg,22
2a7d90da-c8d1-4d82-8e23-f52bab3ff505.jpg,22
9dfbc107-a895-4ea7-9229-043137ec1a03.jpg,22
5a30f6e3-5aed-469c-95a1-a5dfb2474a1c.jpg,22
18a754aa-2d81-429a-83c9-8aa5ac121b50.jpg,22
6734c8a1-dd6f-4148-b649-2f68f00722db.jpg,22
c0e8578d-b705-4663-b632-a2c0d2004b67.jpg,22
e205d190-6921-46e2-98b7-f06d76910ca7.jpg,22
1324795b-50cd-4400-a0e9-34ac649cfc2e.jpg,22
aab2d3c2-ed87-4af6-8497-a032c302bc12.jpg,22
47bfc967-4223-4fc0-85f5-64675ce00205.jpg,17
24cbe5e0-9281-4f2a-bbc1-1bdf400f7c1f.jpg,22
f9db1654-3162-4352-9e7a-b6346c22e2bb.jpg,22
6e99c402-6f3e-4051-8210-1d0e4c0112b3.jpg,22
1dbecde5-1c83-4ff8-b26f-3fb9953561dc.jpg,22
9e06ec7c-0600-48da-9d04-d076fc995d0c.jpg,22
b7129fe7-470c-4122-abb3-c9e4243d11e9.jpg,22
5ff71e69-fb66-4974-9a7d-93157b1c4d07.jpg,22
33dc1f9d-8036-4642-b3e9-378b40dd5e9a.jpg,22
27f2c62f-4609-4ba9-85c4-1308a705a096.jpg,22
ca7662b7-331f-48e7-b9ed-7414d1b453d2.jpg,22
42be4a06-f9aa-4b0c-afd2-0dd20bc0f704.jpg,22
e4fb7736-4643-4dc0-860f-64f086b4dd75.jpg,22
6270e9d8-e654-47b2-8959-9c76936ef218.jpg,22
b8674cf0-1c7d-428c-9d09-f95fe89ff00f.jpg,22
45364ee0-0e63-44de-8828-788cde40cdf0.jpg,22
001fbc27-2f26-4a68-8ce1-892586598b6f.jpg,22
483f1f62-5a1d-4f04-96b9-62e5932ec297.jpg,22
f1c1f0b7-f457-4473-8d71-6010febae1dd.jpg,22
6302c740-1c56-4c4a-8e3e-bf24a2232852.jpg,22
9b202e29-91ac-4846-9e0b-3c68dda90002.jpg,22
402ce7c1-5617-4a3f-842b-c94c15e410cd.jpg,22
b48db5ba-741e-4078-8ee1-43ffb23e9319.jpg,22
e2f3a375-9276-4916-b27f-e471a0d071cd.jpg,22
8a6bf12d-10ec-4a74-9a48-2cc331033c1e.jpg,22
8fda6b3b-abca-4bcf-a943-b6477ccb6709.jpg,22
e5015eba-1f25-4265-82e4-b4250d8fad10.jpg,22
4a955b84-66ed-42e1-b282-3b7ea13db5d4.jpg,22
e9a7078d-849b-488a-afe7-41024222d33e.jpg,22
2f065305-cf85-4abc-8386-69c224b6f19b.jpg,22
49da3645-a932-426c-9cdf-4331d581be59.jpg,22
3f70e36a-feb9-421d-b7c1-c7bd988a1e59.jpg,22
e8a92d0b-3c35-49ce-92e8-2f85bf093ed1.jpg,22
bc83bc66-ba19-440e-ba11-850736938160.jpg,22
5799a608-9e17-4382-ac9f-1adea080ee88.jpg,22
b26b30ff-cd0e-4892-bd02-89b190835865.jpg,22
7bd66493-8cdf-4406-bef5-90927b4f4b0b.jpg,22
d8aec6d8-1fcd-4b35-9e65-c9c3e93d416e.jpg,21
c50ad01b-1a9b-49ff-94a2-d398fc12e8c0.jpg,22
5eb6ea5a-5081-494c-97e3-e4e3dd1dfa4d.jpg,22
da094380-c13f-4cb5-82b1-a86fe3f7337b.jpg,22
cc11c7f6-cd79-4ccf-b579-3e30caf5c0ec.jpg,22
e8063571-bb70-4b61-a09e-4ecd32872763.jpg,22
2255d809-ae86-45fe-b38a-a68758cc0585.jpg,22
8117bd69-ab69-4bf7-b87c-cf006b2de9e3.jpg,22
84991de2-d9dc-453d-b5ab-11f7218786ee.jpg,22
09bc6c6e-8d5b-4b48-bb08-1b5470adb02e.jpg,22
d1541c39-03c4-4f2a-8dea-93665a9ef669.jpg,22
eb59051f-3117-44b6-ac10-0a804544cbfe.jpg,6
134dad83-8d8b-45d4-b8af-985d79fd9ff9.jpg,6
341fa094-221a-40ce-9571-02877dba3dce.jpg,6
4d2fefa3-d80e-4b09-8094-4f2fc702b2c0.jpg,22
e8a86427-ac89-4c8b-9923-122a40c6c065.jpg,22
51fea0af-5d93-45d4-b8b8-b38d35bc83e5.jpg,22
004bfce4-8ef5-4d3e-b3a1-13527e5b5461.jpg,6
04622654-be21-4150-83a2-d3b4f4f7669a.jpg,6
ae58d5fa-e9c5-4057-9685-444bc283033d.jpg,6
625a517f-5362-45d5-8c1e-bc48ac949a83.jpg,22
c643644a-b4dc-4df4-9ae2-f09fedd71c6b.jpg,22
32ce5ee6-4d67-4d87-a321-a5e93aa5e48e.jpg,6
a00bd8e1-412d-4624-abe1-56fe38a98bbf.jpg,22
b9b6c748-85be-44be-8a76-347e7c323620.jpg,6
c56117c1-7daf-4834-824c-2edc801a5c45.jpg,6
be814b8c-1f9f-4101-be71-59fe4d41bb47.jpg,22
382cccaf-2956-46ff-8f79-8275de9f0cb1.jpg,22
6928f1a9-b388-4845-8793-190a7086099e.jpg,22
fb7fbd69-5b18-46e2-898a-267edd650ee6.jpg,6
1f7024d6-bb51-45fa-bb38-0b5bca141f89.jpg,22
91937099-f4ae-4629-8cfc-d1234ed47b1e.jpg,22
05b187c2-9994-40fc-9767-e6f99115628c.jpg,22
4aa1998b-a79d-4b5a-83cf-7c98ddb959b0.jpg,22
98b3f2c1-7e81-49f1-bbeb-ec0279f63f49.jpg,22
9af20e12-2bd3-40ad-8b7b-5a241eb2f3d2.jpg,22
68459551-babe-423b-9b0a-73c9c065f890.jpg,22
ac9d76a2-eca7-4a24-9ff7-647c1a8c8f13.jpg,22
5f290cdf-a71e-4092-b94d-dd9430209ff0.jpg,22
62beaa2b-9e90-491b-b60f-194c2d314f42.jpg,22
a7030003-bd0d-4630-adf3-c38beaacb8b8.jpg,22
04aac057-395d-4ae8-be7a-b12aca7f1387.jpg,22
59824b8a-b77e-4de4-93c2-c79be04c6288.jpg,22
ebf5fc69-4a3f-480f-a779-cbded11c02b3.jpg,22
714bc245-6b76-420f-b175-6dfaa1216a88.jpg,20
9db6faf8-6481-406c-96b3-1af06e6c3502.jpg,20
16ed34e7-24ac-4d10-9907-1254e44be78b.jpg,20
a807c820-e717-4ad9-890f-64e25dde7a4f.jpg,20
6f54c011-db0b-4cac-a1b4-8877131d1c29.jpg,20
43bf7702-2329-4b98-b6d6-416a76d404f6.jpg,20
fc64bf48-3d16-41d2-a6c0-90403ab7816f.jpg,20
d0e75ff3-f2fc-4099-8cca-6f76aeebd9ef.jpg,20
34ed00cc-47a3-4b75-abe3-f508c2bf9f45.jpg,20
bc5b0ed4-9f3a-4cc7-bea3-c19e9a71391d.jpg,20
168cf035-9641-4cfa-a102-a7f84598fa55.jpg,20
c792aae5-c719-4ade-8c31-aeb7a88f2b83.jpg,20
ce7e15db-9a17-4702-83ec-90ef723eb282.jpg,20
4ba5283a-aff2-43b6-b537-f957b1f0b536.jpg,20
31cb3b7a-2caa-48d6-b64c-dee8e7048967.jpg,20
157d9503-6ff8-4bb9-b4eb-1bf88187f5d2.jpg,20
68e2390b-fcb4-43fc-a77c-2277dc3f84b8.jpg,20
1d7c3477-5d9e-42ac-88f9-809bad8149a9.jpg,20
3604fdd7-8d06-448b-803a-e9a726498fe9.jpg,20
43fa765f-3b9a-498a-acaf-1fe03a654402.jpg,20
798b0178-320c-497d-8a7b-e74489743804.jpg,20
a84c9a1c-c2ee-4982-af8e-6f0824ccf0e9.jpg,20
6f76b250-55a3-4d6f-8d13-8265f295c65a.jpg,20
becaac13-f1c1-4405-a848-3603d5eccb46.jpg,20
6920a0bb-61fb-4d40-babf-a8912706b9b4.jpg,20
695ff37f-63ed-4949-8984-1505aa00c50f.jpg,20
cef0a8a7-f7fd-4ca5-b498-575e2b6efb2c.jpg,20
745e5a49-80ec-4a44-9ee5-f321e7583bb6.jpg,20
3466751c-ce11-468c-a86c-37aa6f165a3c.jpg,20
c92e3c69-faed-45b0-8d9b-ec948d0b1de0.jpg,20
e6ad5be5-075f-46e6-a2b4-0996d8581074.jpg,20
12b52bae-607a-4fb5-8f2f-11b2406123d9.jpg,20
e78b18fd-b5e9-4161-b2d6-00e964a5ad77.jpg,20
4d224808-db5a-44a3-af4c-5647f939e042.jpg,20
f0aa259f-7e71-47b6-adae-d42eed280dff.jpg,20
447222f1-354d-4728-ae6f-5598ab961012.jpg,20
7a98f73c-804a-493b-9e12-b51a208d4969.jpg,20
4a90506e-5b85-480c-bc58-9b14536bcb66.jpg,20
8afac9d9-fe4c-4714-8d43-d7781b1b48a9.jpg,20
9f7c7bc2-cac3-48de-ac42-69f6832b497d.jpg,20
fd8552cb-902a-405e-b5a4-5650c266832c.jpg,20
49a68ba3-a1fc-42eb-9536-b5e94e018b5f.jpg,20
98a6b50e-c54c-4f70-9208-3d28d67915bc.jpg,20
06a80508-3854-4e66-8892-50ca55910b2f.jpg,20
df9be69d-71bd-4fc2-87de-c668ee4479f0.jpg,20
aa12bb49-9f94-44ca-a34b-583675f6754b.jpg,20
ca360bfc-e50a-4843-9964-cd6f65d34a4c.jpg,20
9bac1ca0-acde-4b56-a0a0-817b3f1466e5.jpg,20
273db038-7a03-4555-9628-eb2c5acf9cc3.jpg,20
10d77aeb-2d66-414f-91e4-fa87ce6eca0d.jpg,20
c04208fd-e076-4e44-8ad6-7a82046bb9a6.jpg,20
255b61fe-fc10-4712-a766-e41963cc66ad.jpg,20
68a16708-093a-46bf-957c-1ffb42d540a0.jpg,20
7c4b277c-e638-4e4b-980b-2f9584a0ca72.jpg,20
b9133921-5327-4712-bc73-d4cc4b5b7698.jpg,20
da73adf1-0164-4ce1-adc3-172e5c89005d.jpg,20
d3371a44-d5d4-4f0b-80d8-490898f40e87.jpg,20
f5e3aae0-544e-4b09-ae0e-bfce3225406c.jpg,20
28ea39a5-0d17-4b12-af07-21effd78dfab.jpg,20
2b1e5597-6555-4c59-acf1-280e911a3c74.jpg,20
b1499419-b31d-47e7-bf2b-053303671b9e.jpg,20
b8c9dacb-5aed-4a3e-966a-90ff155219ed.jpg,20
7804b509-49e7-4a3b-8ca9-44742cc5a414.jpg,20
2b3948de-20ce-4bc2-ba27-271e8a962047.jpg,20
71dafe1a-a619-468d-b9cb-7e8a9cc249b3.jpg,20
e012c344-6820-41c4-89a7-abec1a43224a.jpg,20
2e464247-e384-4417-88d9-83f8272d3695.jpg,20
8ef08006-ce13-4f21-b976-7a6f2a93459d.jpg,20
446c2f06-bcac-403d-932e-fc923d972fa0.jpg,20
7b70475f-fb13-4336-b862-330ada120d44.jpg,20
03a35376-73e2-47c5-8abf-c680a2cd3e05.jpg,20
db74f8d8-9975-48ba-bf59-16ea27143a21.jpg,20
c9fde940-de87-4874-bca8-bd71f73eca44.jpg,20
5c05c011-16b1-4889-a184-b4b79a4daa80.jpg,20
c0d5e2d0-c999-4955-9d8a-04a900617f5f.jpg,20
b93df695-856c-4add-85c5-ee209519f1d1.jpg,20
ebbfe4ef-9d08-4399-860b-3bce08776696.jpg,20
fd74b8fc-ae47-40a2-95cd-39ccdfe38d03.jpg,20
898e5b72-279d-42c1-be9a-14ade779012d.jpg,20
8b5ddb53-fe01-4a39-9937-8569aad19368.jpg,20
3bba2d8c-2f33-4652-bdfd-6875aede5ac6.jpg,20
5184f7d4-0ced-4496-a306-9a7f8d5b4548.jpg,20
bd7faa5b-ea0e-458a-a270-cac24f044269.jpg,20
462235ef-06c8-4ee2-acc4-9aea0fbcf6aa.jpg,20
a37b30a8-544e-4c85-bc66-c7bbdf421170.jpg,20
899b0fed-8309-42ca-92f5-5c15fa901a76.jpg,20
55535c6f-8a3a-4f08-987d-4534812dc9e7.jpg,22
2fc3bab3-ed3e-420a-a031-ecc781d75f4a.jpg,20
0a2ec0c7-7ce5-4c39-b9bf-bb19a04464a1.jpg,20
a80632ea-08e4-4fd5-a3c4-ca7f3b21222b.jpg,20
118d2cc7-65d3-457b-8a53-d9b6462efab9.jpg,20
5c0b02a4-4ddf-4af1-87b5-12da7ce997b3.jpg,20
c9d3702c-f514-4dfe-a2cf-fb8cff8fcb65.jpg,20
582fe9d5-86a6-4e9e-a98c-cfa321b33a79.jpg,20
74e4438e-f49c-4429-b65f-29014355e0cb.jpg,20
25f0ca6a-dc64-4629-9c1a-1a98f1578533.jpg,20
5968fbd8-9918-4dc9-b90f-8d1e7acf2549.jpg,20
c4f8094e-36af-4bce-aa7d-1a1215c91efb.jpg,20
f6048c62-3053-4215-baee-6d1edeefcd42.jpg,20
d62c742b-0702-4ceb-b0ab-8121878a0712.jpg,20
64606df1-4388-4b0b-8e86-83426d7e86db.jpg,20
8befbcf3-cd67-4f5c-8ac9-a0690c797f52.jpg,20
d57106f1-688f-49e5-8abc-055ae86e84e2.jpg,20
a3707dce-c4dc-414a-9d41-2194517e7be9.jpg,20
16817aef-a9f0-4f18-a428-b1e9ceb3b7f7.jpg,20
0fc2af0a-4603-4186-ac70-1c4e89cbaa23.jpg,20
eb38be03-7042-4d20-82a5-9e5536fad0b2.jpg,20
b877794c-2c5e-4394-ac9f-bfa2153e7709.jpg,20
dc032730-feac-4ee3-a41d-ab262ceaf9ce.jpg,20
7c28de48-552f-47a0-a405-9edeef007387.jpg,20
53ab6e9f-9346-4bca-a073-eab71ecf8f10.jpg,20
080143bd-112f-4d6d-bf92-69a57bc8092a.jpg,20
eb513f47-fd61-486f-a611-bf4eb925b2ea.jpg,20
71394d57-5430-4c97-81b5-49606ba2daf5.jpg,20
c3f79f1b-3f64-46ed-8891-dc91d27d8d65.jpg,20
0c6506e5-eef7-4f19-944e-81e40f71eeac.jpg,20
fbc66a47-5c86-47fd-9d1b-a9bdf682992a.jpg,20
aeaf5631-d607-4629-975b-2e1cfac20c48.jpg,20
869ac283-ebd3-427e-8671-6cf18a185524.jpg,20
880ea609-b5f1-4e4a-acff-22fa68926898.jpg,20
16a199d9-dd97-4863-a28c-d17b8bb482bb.jpg,20
e37f9783-ed30-48dd-ac0d-21de22d7cb7a.jpg,20
7ca954f8-5eab-4e2a-9ca0-8ea100764e66.jpg,20
ed87714b-b053-4fe4-b23a-b3fb962473d7.jpg,20
0d88e6b9-13f0-43dd-8402-1d793e0197c1.jpg,20
d5edcf22-acaa-4c9a-9f74-67b22109d0a8.jpg,20
2d67ae27-3a05-478a-947b-136408d4ab6f.jpg,20
0bfa6397-f236-4312-b46d-efe229b12ed5.jpg,20
da4f4c99-d440-445b-b14c-152f6acb9311.jpg,20
320143b1-d3d4-4fcd-912b-f50d314a609d.jpg,20
79a94b01-2f27-4bfa-99c3-8fb4423d4847.jpg,20
9e5b8f33-1211-48bb-83c9-e78ed83af9e3.jpg,20
4d0ed7d3-5c33-4889-926b-85a773ec4bbe.jpg,20
6e68ddd2-736b-408c-9d23-7cf2e0d91c02.jpg,20
163bfeff-e8b7-47ca-9e2b-75f0b6f7e991.jpg,20
7375602f-57f4-4ce6-b17f-4174bdd21c81.jpg,20
14811e0e-f32f-4d9d-bac8-a1bd518e88ef.jpg,20
96e23173-097e-4103-a0b6-cbcead6bb404.jpg,20
e79d0ee5-10cf-4bb5-8a7b-d02fb2277860.jpg,20
89e4b732-f456-4bc7-b4e4-70bcce4502bc.jpg,20
7b5bd789-64db-4342-aa1e-a77efb2c06d2.jpg,20
85e5bdf9-7049-4936-a470-14a1a6c77a83.jpg,20
8f4e49f9-67bc-432d-b41d-6e6b637132d6.jpg,20
222072d9-8910-48f8-b510-81090ad4c461.jpg,20
bfc0e79c-9612-4756-a783-f911b791b330.jpg,20
1437719b-6f71-4ad0-a388-4dcfc5fe70af.jpg,20
29f17fa7-ac7b-44bb-92d8-0e08b380d5d0.jpg,20
e573f0a8-8d41-4b8a-a38f-466edfcc4e25.jpg,20
59b21b19-a797-49b0-8424-3050ae4e5b7f.jpg,20
1eb4e2cd-2a9b-4561-94d7-28b3bcd6de04.jpg,20
bc4da5ba-ad1f-4ca9-afeb-213c3b92e89d.jpg,20
300d6836-cf4d-4df4-8007-a35a4df2777c.jpg,20
1c7d94a7-ead3-48ba-ac08-b72809c55bd0.jpg,20
823a5474-3964-4925-bda2-57eb7f089955.jpg,20
fb6c79dc-0f97-4510-8b35-659fb4bfd11f.jpg,20
8805c4dc-f5c3-4abe-9db1-29bd544bfcff.jpg,20
a7aecd60-e5d3-4cf8-9b1c-8500cb9c9100.jpg,20
a3b4e068-969b-4cee-aeaf-69566f5c7ac8.jpg,20
b815f3a0-d8aa-498a-9f10-3dc0dd2b3fe2.jpg,20
627899ba-c95e-4ac8-b682-041325d4e741.jpg,20
77164e2a-7038-453e-afb4-fc0633372dd4.jpg,20
a220d6e9-e0c3-4863-9ddf-2c8d5b4388d4.jpg,20
3086844a-ba77-483f-b62d-67aa633def79.jpg,20
15698b99-014a-4a21-93d6-eb1a28c747e4.jpg,20
913bd600-d0d4-4a3a-b7d5-6b3aaeac0bb5.jpg,20
ede5cb3a-ce01-4c42-b7b9-6b70f01e649b.jpg,20
034d5c57-7b78-49ee-be34-bfd03a383b15.jpg,20
62b265a6-701a-48e9-b16e-fad4befc579d.jpg,20
ce40ef83-0a91-42e4-96ba-1efd90697bf0.jpg,20
d3e8d7d1-292b-40c3-af8f-c57f08c40dfb.jpg,20
9f7a865f-a8bd-48d0-b73f-7e33ffaec29a.jpg,20
1667eeee-ebe4-41e5-ab9f-7c1c76ebc3bc.jpg,20
88bdebf7-d698-4b43-a4db-9545252d1b8b.jpg,20
2b7a9fa8-54eb-44e5-ac9b-c88dd7e526d2.jpg,20
5ac41c51-0ea5-4f0b-a814-d8c368f8118f.jpg,20
43322432-6398-4f60-973e-2d17eb6cf4e0.jpg,20
55d8446d-8510-4a3c-a7f7-6b0bc93fa97e.jpg,20
d8a62799-8d53-4e1f-8a4a-c49e93c24eeb.jpg,20
7ae786f9-d5cd-4c0a-bfcd-b5342c179cfc.jpg,20
b72a5d51-e8d3-49b7-90dd-0f009ac258d4.jpg,20
c745f7bf-e2a3-4088-b0e4-d35f21a7c476.jpg,20
37dda193-ec5b-4a93-8360-df9ae07fa62b.jpg,20
62dcbe15-4dd8-4f2f-90e9-bcd688399833.jpg,20
d917f138-40e4-4901-a68c-695960b8bede.jpg,20
7bda9787-553c-4bbf-ac88-155cedf13dc6.jpg,20
50a33b1c-0e1c-413c-8ef6-f36e3dfe88c6.jpg,20
1705e938-3b8d-4e70-87a8-d44ea75b01fb.jpg,20
4f42caa2-a0b2-4163-90a0-a052318c034e.jpg,20
a0ceee7b-3be5-4d06-9ceb-3d3d92c3e194.jpg,20
30f1b6a2-d1a9-4967-b0c5-54dad87a86b2.jpg,20
dbe4322c-bc18-4a58-bcf3-0ca57f9293ba.jpg,20
c8b9292a-f2af-4b02-84be-c7f8a3d6f4e1.jpg,20
0ad611e2-6d2d-4533-920e-56ab1b1dbc13.jpg,20
afed9f1a-1981-427c-9ed4-525848bbc5e6.jpg,20
9377ae9e-e3a7-4a53-b6a1-7c9e2b9b866b.jpg,20
58a74912-7a84-4f0d-96cd-feedaf78c9bc.jpg,20
6a85cc30-6527-4c7d-8d09-bd73d39f64bc.jpg,20
421699f6-9cb1-48f8-8cff-28f024aceb5a.jpg,22
37c900a0-053d-4ba5-a6c4-0a33df377cba.jpg,22
5c6b4b13-8b13-4d1d-8f6c-07d9426eb9df.jpg,22
4be8f701-509a-4fd9-94e6-11a5d459ab8d.jpg,22
2d49fd3f-28ec-4030-8b9c-2cc1ba514f0c.jpg,22
65a6d11b-98ee-41b1-b282-d5a758b300b6.jpg,22
74afbae5-0cb7-4317-a8a2-a0f4fdfc6159.jpg,22
c5a0a3b5-4a4f-4038-9f2c-c0ab967e6de5.jpg,22
e31dbbaf-ffab-44b9-bc29-476a4b4230db.jpg,22
aae959bb-4149-4a40-852a-1332916482aa.jpg,22
801a5eed-e784-42f4-9210-a6387baef086.jpg,22
217fb54d-681a-4521-b415-dbd070ae9343.jpg,22
c6bd671f-dd3e-44df-b244-6bd797b29ccd.jpg,22
dac4d7f4-cc5a-48be-a185-6db183af98ef.jpg,6
e015133b-66ea-4bac-81b4-181d5bf90f03.jpg,6
599a1cad-7536-4150-b502-cb5720a4b82e.jpg,6
46402194-b4fa-4fa2-a2ea-8617736fd544.jpg,6
eb7eada5-c4d6-4bdd-be9c-b75f65465d85.jpg,6
8b6fd2c5-6ec0-4ced-b2fd-3b4851d6c1ec.jpg,6
c53e6f24-946f-4d0c-9960-27e329216692.jpg,6
bbc8e22e-c388-478c-b218-cf561b2692ef.jpg,6
775e49d7-34a4-4d36-9a56-e50b7913e0a9.jpg,6
a0716cd8-c275-4a83-b3ff-180e91d68d5f.jpg,6
02e84270-6183-49c4-aa65-c3fcfe9ee8b5.jpg,6
52f23a38-3f34-4305-9f6c-32f46ac22c34.jpg,6
fba74e70-c2bc-4789-8350-681dd84d8b98.jpg,6
036f0f0d-f4fb-4980-94f0-5552ab7e9e6f.jpg,6
471485db-b904-4681-92aa-4adb0fe59b9c.jpg,6
6a97dafb-db69-4ded-bd19-3badfe91bd04.jpg,6
5279b98c-647d-468c-86fa-a2050b7c1cb2.jpg,6
ae846039-9d6d-4202-9737-3ccb1e3377c4.jpg,22
fdb8f5b2-208e-4a8b-997b-87e19e326bf8.jpg,22
3124cb3c-9941-4c4e-b948-74aea5ab2893.jpg,22
d38c2584-60ed-4476-8139-e5fa61d31918.jpg,22
a1eed845-4573-45ca-89d5-9840eb80d179.jpg,22
2d7639e1-4754-4219-ad73-65e998619de1.jpg,22
91e2464c-fd53-48db-ab9f-262b1dccf01f.jpg,22
0631e1da-623f-457b-8549-8bc60951e6e7.jpg,11
34164e6b-4f94-4c0e-aaea-7cd7809122ff.jpg,22
da4c88e9-44e4-4bcc-8bb4-52592595efa1.jpg,22
8b58c098-e3c0-4f4a-b668-fe5cd29d75da.jpg,22
88c70e12-09f7-4c34-aafc-ddc3e4bc8dd2.jpg,22
da2f4f4c-e86c-4367-b7d0-ddd4e8294bd5.jpg,22
b3f8afd1-e622-42f3-8e8f-f1b934aa796b.jpg,22
36718b51-e3d7-4513-83df-9c05e7585f5b.jpg,22
a1d65bdc-1bbe-48c2-8e52-dc051e38e83c.jpg,7
0065ff63-3ee6-4e9f-9889-115e7315b309.jpg,7
78ef6540-4e81-468f-820f-871d43212569.jpg,9
67a3bf6a-2a7c-4dc8-98d1-9f4275a32414.jpg,9
4bd96b55-a7b9-47d7-bf79-d4491288931b.jpg,9
36f1adcd-cd80-40be-877e-f6ffe97969c0.jpg,9
2207d1e5-bd90-4272-9b9d-b33ccad07fa3.jpg,9
a2f5bfe0-8666-4769-baae-33b723211bf6.jpg,9
8b5f6378-330d-4485-84c2-777894051522.jpg,9
24585a60-f777-4068-aa61-86da8191f176.jpg,9
356220d6-8c8c-4b66-b466-220e3cf0ccc4.jpg,9
fb7e14f2-def5-4de2-a0b3-a71d4a2472ff.jpg,9
7b2456b2-7e8d-4b72-a861-4e7ed5763c8f.jpg,9
56cedccc-9604-4ef4-a4d5-774a41deb30f.jpg,9
d0d5054f-90b6-4281-b4da-786baf06467c.jpg,9
ba42fb97-96b9-42d1-a469-0fc617fe228d.jpg,9
b14d7da4-8c1c-4280-968d-c3936447fd45.jpg,9
d5b2e5c4-c3dd-4f84-b7f3-cc4a5cf58ee3.jpg,9
9bfc6ad6-2b18-40f1-bcdf-a92428128b28.jpg,9
dfc41216-07b7-4625-a1db-1aa405d72504.jpg,9
738bcd3a-b304-4aed-ac4c-b7c1c09d6c9d.jpg,9
209ee845-faa4-439e-b780-69a988c9cc27.jpg,9
55cc9364-a748-4152-8287-a04b7dd6655e.jpg,9
d9191a24-9dab-47f5-8123-8859783a2129.jpg,9
70979644-e34b-4ceb-af3b-b6231de2bcb7.jpg,9
8d1d11f6-4197-4824-8c2c-b8bfd74d9142.jpg,9
af90bfa5-b573-4b4c-9aa5-d60aba0a1b44.jpg,9
14e8a6c3-d81c-4b65-be49-80b130ac8f0b.jpg,9
5261e4b8-c2e1-40e1-b7f6-ada607c96175.jpg,9
76a288fd-584a-4077-8447-c149d0f3ebae.jpg,9
039371e4-004a-4b91-bcf9-2cfe20ecc120.jpg,9
733fb3e6-553e-422f-b6d5-d15e16d6376f.jpg,9
97bd8ad3-73dd-41cd-a531-06a1786b9a9e.jpg,9
0fb289ea-3b97-47c3-a35b-cf21fa24ed9f.jpg,9
02eafad6-ca48-41d0-92b4-f46ce66b5488.jpg,9
4ff576f2-44df-4ba1-8693-070355ed86ee.jpg,9
fcab601e-d91b-43fa-a96f-9233fd23eed1.jpg,9
6ba6b252-b301-426a-bf15-4593165ebe07.jpg,9
e25aff2d-878a-47d4-bc49-c32cb29ad838.jpg,9
3265529f-eb9d-4a3a-94f8-3cb3d4b6ef0c.jpg,9
641ff3e3-1435-496d-be2e-d4d80bf9c446.jpg,9
5ca7e07a-d850-49a8-8445-bc9333a09b9c.jpg,9
a1f14490-5793-47d5-aae5-d4707987e8cd.jpg,9
d696a3c6-979c-4c26-bcfd-b29320b642eb.jpg,9
8c49a96c-a4c1-4a1c-850e-8dfe4b2fcefc.jpg,9
06afb3a5-8063-47dd-8e64-6a0c8e15836f.jpg,9
4a5b7dec-7e99-4771-85e8-d50fde80fb5d.jpg,9
ef1b51d0-8d0e-4adf-9f1d-a55afdf99fa0.jpg,9
74e16e09-30ce-45e4-a204-a485388a8c50.jpg,9
fa257b8e-5aa8-46d4-a392-be4aef42d601.jpg,9
4acd5bfe-1aa5-4345-a2f4-81ea9c6f3ef9.jpg,9
e54d9d17-935b-4dad-b177-5c9eaea818f3.jpg,9
40be49e6-d455-4180-a876-8f710b9bff66.jpg,9
abc5d250-5c02-4ca4-a16b-444c79a2b726.jpg,9
3c9e1a03-2451-4da6-b761-782ce0edefab.jpg,9
167b3722-ed49-41ab-bb1b-083a6cb1c349.jpg,9
424e64ac-6030-49d4-bad9-a874614c88ac.jpg,9
3464f72d-af60-45c4-bb01-589c1479b150.jpg,9
e1820021-3dd3-4f44-8592-668730a50fb5.jpg,9
4ad8a03d-8554-4ad8-af7d-84755d71b6d0.jpg,9
435a76f1-b98b-435a-aac4-dd1299c789cc.jpg,9
30e85c90-6a83-4473-a21d-dbac8fa32d0d.jpg,9
9e18cee6-e567-4a5b-ab30-8dbaf8b62dea.jpg,9
c25c250d-f098-4b3a-b465-57e2dac57429.jpg,9
422c9fff-c378-45a2-8b93-8796418b82b6.jpg,9
06f0faf6-f41a-4bf6-8355-87c67ca98135.jpg,9
5cb35090-c053-46b2-8a49-9f3df6088e61.jpg,9
dbc9899f-5f4f-41db-8cd7-147cb285540d.jpg,9
d4f11dca-514d-4460-801b-2be4be35432a.jpg,9
3bef7060-77cf-439a-a6c6-6df8352b1d45.jpg,9
f1c047f7-301b-4573-b387-28f4faf14ec3.jpg,9
ab37542c-1952-41e6-ac03-28a64b68e7a7.jpg,9
a70bb2cc-66c8-42b9-b343-4d06324d3c27.jpg,9
45bea7a0-fb85-4a12-9585-0f7f3829de97.jpg,9
1774d24a-97f3-41c9-bff5-4423f9790d2e.jpg,9
0d1a2280-efe3-4ca8-8580-a53581d7c304.jpg,9
803e5e5a-7435-47c5-99a1-84eaea53e084.jpg,22
0b2148cc-64be-412b-97a6-3bb7ed5efa41.jpg,22
80b1fca0-d175-41e6-b23e-b66c94924704.jpg,22
a2ece7e1-5e5a-4abf-b490-dd7eaf4bef28.jpg,22
d3f3b661-f357-428c-8325-0c351415d26a.jpg,22
25dffb93-b23c-46f7-af6b-de6ca03c2a8f.jpg,22
7bdbde89-5ded-4b3d-a876-0bbbf58c429d.jpg,22
6f6e1357-79e9-4b80-95ec-df443c3dc98e.jpg,22
9bca009d-f010-4c7a-ba79-708363f68356.jpg,22
d171e94f-4600-4326-8eb4-cc3b5b1c04e6.jpg,22
c63996ab-1129-4493-a7be-0af1c40ab91e.jpg,22
b708e09a-571c-4b31-9c72-a648e805edf6.jpg,22
efe5fa37-9669-4223-8a6f-1990a4f099b4.jpg,22
e9ee0b1c-8b7a-4b12-b220-508b80e8beaf.jpg,22
8b46b2bd-41fd-4eeb-8a82-e93d0eecca77.jpg,21
bc25125f-77c7-4e70-8bce-9c00b31eaf89.jpg,21
684cd8dc-d536-479c-affb-aee73cd30b76.jpg,2
5aee657e-2902-42be-95c0-4556abf610ef.jpg,2
feacfc00-b5f3-48fe-9761-aa5de3dae7f4.jpg,7
950653ed-d8df-47e1-8163-8d0a3c358b3c.jpg,7
8fc00760-6a28-499e-ab8e-1c7ec8d5ea99.jpg,7
574c5507-3dc7-478d-be7d-d3d6fc520aad.jpg,6
d77d5afd-9e1f-412b-9620-89de3ab5fbb1.jpg,14
5e1c746d-7c7f-44f4-9fec-52c3a0450081.jpg,22
1166ba1a-7e13-47d5-aa43-e4e0d7fcd1f3.jpg,22
eaf577b2-ff8c-4bb1-bbf4-62e7a9f678ea.jpg,22
ec4a5b20-16ca-48a1-9ac5-a0eb3ad8475e.jpg,22
fa218458-c91d-4a2b-ab92-aa1314fdc62d.jpg,22
ee246896-d56e-428a-8bdc-baf54e63ddde.jpg,22
5640ffdd-14f2-4a5c-8c59-6b55ffad0673.jpg,22
7ccf8776-6fb7-4408-8cbe-1178d5bda6fe.jpg,22
84a652a1-61a0-486d-b71e-31b6a1053c3e.jpg,22
3d5bc435-bcbb-4d7e-ae1f-b427b50f2c4b.jpg,6
efca1317-85bd-46cb-b409-a18a407b7e2c.jpg,22
e4e6050b-613c-4960-819c-cb6ef9513eec.jpg,22
3fdd794b-2d3d-46c3-81fe-1cf0ccd989a3.jpg,22
dc34b898-8008-47c0-aa65-807e7db477b4.jpg,22
fb62258f-fd64-4d6f-8820-5324fd6185cd.jpg,22
06e179a4-ef92-424e-9b4d-25a0b6d93655.jpg,22
bcba735a-b7f7-484f-9816-3338385e7fdf.jpg,22
88e514e0-de1b-4f99-95fd-150ed005bed1.jpg,22
ad1dd406-1285-413d-9528-0986b0b195fc.jpg,22
9663f188-f0e2-43e5-ae7a-71bc09b28a7d.jpg,22
f952013a-7016-44c2-862d-39daae9026b1.jpg,22
a1aa4b51-16af-43c4-ad78-84555a3ba41b.jpg,22
a3909a0f-17dd-42e2-9fbf-d945c2deb9e6.jpg,22
d0dd43f7-66ae-40d6-b7ab-ca78424bafbe.jpg,22
c500e120-6d47-4dfa-8a66-e63c9bf495f3.jpg,22
93dfe690-6baa-4c69-9aba-cc3b5a133c9b.jpg,22
db30f81e-4140-4f26-9809-80ba7d6c589b.jpg,22
30f8a8fa-cc51-422b-9673-86591c3132e1.jpg,22
b4997114-34a2-4b62-b52e-b065d1e33b8e.jpg,22
c695e448-2a92-4492-a80a-276c10ce2b24.jpg,22
021b52db-1bab-4410-a445-8ccf214fe3a0.jpg,22
e5d044bf-f0e9-490a-91a0-32e498fc27f7.jpg,22
8733b135-e945-45eb-a2c6-4b50c252e1e0.jpg,22
ce0e2709-e6d5-482c-a31e-b49530797169.jpg,22
dc636192-437c-4daf-8f66-721f539fc542.jpg,22
3216f533-077e-4afb-8f61-0fd655095afd.jpg,22
0e1581a2-bbc2-40f2-ae94-f6b71c4f22cf.jpg,22
4fcc7254-80af-429f-bae1-e66b1cc75bad.jpg,22
92af10da-04c2-4776-9f2a-c201f3eee51a.jpg,22
d9aca4d6-3b58-429c-b3b6-d55dced87ccb.jpg,22
3a7d7425-55dc-4a09-b4f8-656b988f812a.jpg,22
85dde755-ebb8-4c7b-a306-76d97d31b67d.jpg,22
a0538fb9-3c77-4203-93c2-0e748df79a66.jpg,22
d4555bf7-3864-4ec6-92af-fec0b4ab342f.jpg,22
324529f8-9c4b-4b46-a2ec-560b1c6f248b.jpg,22
c5e8ecb2-97f7-467f-a7fa-39e90d4bf1b9.jpg,22
4b91a287-ade1-4a32-a5aa-86b1f3c31cd3.jpg,22
070bb7da-3851-4fd2-82ae-854537e29b7a.jpg,22
089571b8-6fe0-4fb6-98e2-8288cd57daa6.jpg,22
1ee04582-23a9-4224-b612-e449ec302d81.jpg,22
9476094f-45d2-4669-86ec-0fa28f7c561d.jpg,22
bc1fcdee-37bd-449f-bc02-99af43f5aa55.jpg,22
0f504b4b-833d-43e2-9d74-acac4fb88409.jpg,22
6f5b3891-d28f-4535-b4e4-d99adb03ae86.jpg,22
55cc347e-af7f-419a-90b8-8789702f5877.jpg,22
42426658-5545-4264-a26d-eccf74174edc.jpg,22
c8cc1407-24ea-4988-90db-0e5d97c50ce7.jpg,22
232d9ceb-cb03-48fa-849a-4a0f8449658d.jpg,22
18315049-9ab5-4ead-a3be-d7cdabb83a1d.jpg,22
a92409c3-e028-439c-8575-64d536d59261.jpg,22
c02b70a1-909c-4654-bbc1-d7384c801684.jpg,22
d0ae38e3-a55a-4dce-b76f-654ad1bb0e81.jpg,22
a6f6b72c-5a2b-40b2-b141-391a79bfe4e2.jpg,22
810153e1-4faa-4195-97d1-aaba20ef4b53.jpg,22
1977c711-0223-4c43-b853-1bfc1c1255a4.jpg,22
0b0eac7c-bf3c-4b34-b53c-f777a836348e.jpg,22
015992f6-56ce-4af3-add4-d0a1451ead0d.jpg,22
86974a81-c033-435f-87c6-d053df211ee5.jpg,22
05d40293-6178-411b-8399-585287c0e2f3.jpg,22
ee04dfbe-de1d-4d0b-b05e-a7c2ae391dec.jpg,22
d7dd62ff-dc8e-44b6-ad5b-7210bd10fff7.jpg,22
4f1a0582-7edc-47c1-bd50-7e59f6e4b215.jpg,22
a430b037-ae02-4421-befb-f58912c01e0d.jpg,22
ba50dafc-e913-40bc-ae83-f40c454cb8f4.jpg,22
77d9b78a-39f6-48cd-b0fd-730e689f9ea5.jpg,22
6432a5f3-8bf1-4ee5-8cb0-5871f011975b.jpg,22
1dea4e70-b862-416f-9923-4bcd6dabf00d.jpg,22
c41f150b-3731-4405-a330-2f9e19cdd4f3.jpg,22
e546b94a-1cd4-4e45-8b9d-ac58e60656f6.jpg,22
a61988b3-7056-4287-86f5-0235112a15cc.jpg,22
ec9461c7-3753-4b48-83ea-62132bb7cb11.jpg,22
d33be02a-7fb0-40e7-aeb6-da25aad99f75.jpg,22
a188e4f2-1e48-4abf-8d1d-0fc5c355c58d.jpg,22
a9aadf73-26b9-445c-8520-0179e1343958.jpg,22
a8b40ff4-062d-4198-9da1-c49f5d52feb7.jpg,22
ea327098-9964-43e8-aac4-d92655d1ad45.jpg,22
6e41a0bc-1da2-4d23-b751-5e45ba1e77c2.jpg,22
6a1912bf-97d2-4fbb-95d4-7f474bb0824f.jpg,22
1a8b65bd-8708-4886-a3a0-8e1c5b3710f1.jpg,22
7ca6b17d-2fdb-4381-be0c-92caad7d769e.jpg,22
3f18fac4-0009-4441-8cc0-d87905c1b5c0.jpg,22
ea0fbb7a-634b-4372-a875-7124779c928a.jpg,22
fe6b315b-3b70-4329-944f-cec94e6ee695.jpg,22
a6fc76cd-6a00-4c8e-9d8b-6f7520bcd383.jpg,22
cd247bf9-3ab1-4e12-a21d-0d99b1a12db1.jpg,22
dff056c4-3aae-4651-b202-266e41bd9ab4.jpg,22
a8a99141-5772-4127-9974-90419b93f938.jpg,6
763f3104-cdc1-415c-99ef-8c948d0d48be.jpg,6
254e81f4-5dcb-4ddb-a15f-fe5af65c0b17.jpg,6
11ab1fcc-f939-4ae8-94e4-54699757b836.jpg,6
641f5926-814f-465a-a02c-f5cd0e98fe1a.jpg,6
bf4246db-4232-4157-bac5-3df6da5caac0.jpg,6
e9005827-889e-49c1-b12a-d70331f57f12.jpg,6
e1f10cc7-6064-485b-b8b1-7c09a277d885.jpg,6
c3d53806-54a5-4cde-b7fa-a2b320aa5575.jpg,6
54af6b7e-def0-45bb-a332-e93c4be35a30.jpg,6
c2e9f4ed-7640-4def-8d08-317516a71c88.jpg,14
b039c16c-1681-43fc-96b7-2413e54c8c02.jpg,14
758ba522-eecd-4c4b-bb16-db8048543dc1.jpg,14
54ee5615-79f6-4736-8c8e-4d14d23d4c7b.jpg,14
f3b65281-3746-45d6-81e5-0e4bffdbb523.jpg,14
cef26c3d-6d51-4e01-9c92-826fa52c1bd0.jpg,14
4da2e623-01f3-4e89-90b1-be8214067439.jpg,14
0564300a-60db-441a-bc9f-928b2cf9820b.jpg,14
622e8e02-81e1-4e9b-a7df-be91d6972df0.jpg,6
f50a87eb-1b05-41ce-a0bd-b5055f75b091.jpg,14
f08d62a8-8189-4b07-9fe9-c47fed0f9989.jpg,14
78496778-cc30-484c-8e83-926ee910fce5.jpg,14
af6a2332-3a7e-426c-afe6-dc5d3799a100.jpg,14
06d009ec-fbb9-4abb-8128-49744d384ad7.jpg,14
0d94d5ad-6a45-4dfb-bf73-b0ae1c4402bb.jpg,14
2390c01a-04b3-44c3-a6f7-2d557114c234.jpg,14
f4095986-a942-42f8-902b-7e1cb6fffe86.jpg,14
1476439f-0e14-4dc5-abd3-16699fdb15cc.jpg,14
bfa79272-f07e-491e-8c7c-9de06f8b1b2e.jpg,14
f1eee904-1cf9-4c74-a769-d079ad05e3fc.jpg,14
1c6c0e0c-7ebd-4a2b-a83d-c5d3e037f923.jpg,18
320154cf-e7af-4230-95ab-67b2cab4572b.jpg,18
0d9a3593-e6e5-4f1e-8796-14d3de5ed93d.jpg,18
805d3583-c85e-4b94-8a10-6a351b59e83a.jpg,18
cb5c536b-310f-4e82-bf11-58f5eab746a0.jpg,18
dfdb7463-c542-40a0-9421-dc4d22cf61cc.jpg,18
ae17376f-ab05-4d12-aa92-f3b3b69b8de5.jpg,18
fc6d828a-5ab9-480b-a942-65e3cd4c7f1d.jpg,18
691659c8-e762-44f6-b25e-5ae3ddad39ff.jpg,18
69ff82e0-a503-4f81-96ed-847d2c0936e7.jpg,18
d47275fd-4e03-4623-a17c-e23da4aad2e0.jpg,8
0f73a0fd-4ba6-47fa-b4b1-cc02204e6147.jpg,22
8af8b049-6e2d-4d44-9448-9b08c42970d5.jpg,22
108d476d-ef6c-4773-98a0-a45b6e425458.jpg,6
8856385b-6239-42f8-818a-97c77b0f2000.jpg,6
4ae6e1fe-64b1-4a1b-b920-df2ecc7d4385.jpg,22
18e9078a-4f9f-4898-8c59-de1fa60bb31e.jpg,22
18bdf599-201f-4160-98e5-537011fb007f.jpg,22
f8d3999f-5c35-428c-8e2e-19e829f24a67.jpg,22
2393adbf-9bcf-4467-9c9a-e2e43fc68660.jpg,22
631f72fc-a5ca-4174-ae7d-e9fe47cb1fb4.jpg,22
b7aab3e9-02da-4d2e-bafc-f98e1fa3ffaa.jpg,22
30ba3dff-f871-4c1d-8057-5b2dc58365bd.jpg,22
47757b2e-9efb-482d-b4fe-ec38d62789a2.jpg,22
92c64afd-251b-49ff-b1e7-27b7aa545d70.jpg,5
758896dd-bb89-4f9c-8533-57f710a7d194.jpg,5
a33bfe3d-5f7e-4309-ab33-fa30cf566fe5.jpg,5
b3bbe24c-2835-4a2b-9c14-1dad4ac2a8fd.jpg,5
c4129e1f-aaa1-4173-931c-a9deeb5329ef.jpg,5
2833f740-bb6c-4a3d-bf8e-8347e0c13ced.jpg,5
98ce58fc-3ba7-4f1f-ab09-dee62e9f5eac.jpg,5
0e23e86f-41cd-4341-96ce-aca0681caaf5.jpg,5
81a55178-6e9d-4db5-a89e-d2eb982865da.jpg,5
f888920b-f5fe-43b5-bb56-1521bee7cf01.jpg,5
c585fd2e-bf4e-471a-b7f6-3766cbc8d4c7.jpg,5
4ab87622-9f83-4ec3-a7e5-570190832ba2.jpg,5
fe393068-1575-4352-8ceb-dac17b4ffba8.jpg,5
fea28970-dcf7-4448-a7fb-ab0967468c15.jpg,5
8f7050e1-5f53-42b8-8a3c-5e14f54fa171.jpg,5
c0eed535-62df-4335-9f7f-94acf31f5d16.jpg,5
1cf82882-8583-4a9c-898c-4ae327627865.jpg,5
c64ecced-c091-480f-ba83-a2fa7598ebbe.jpg,5
61ad1be9-d708-4382-a6cd-2bc17104241e.jpg,5
7c45d79e-e629-4911-86b7-9b6526e917ae.jpg,5
f5d8a0e8-ee84-495a-9101-7c08df833b14.jpg,5
8101498b-8583-4c21-8c3c-48cb85c5f7c8.jpg,5
b56d47ae-67f6-4f93-bb88-978dee667b21.jpg,5
b3a6f257-3759-4608-a79c-b48f25a92f5a.jpg,5
f341e717-0d87-4054-8dc1-1e4b374012b9.jpg,5
ab93c63d-9436-409c-9825-1a75481dff0d.jpg,5
22777c40-5863-42c4-858b-9f64c675a817.jpg,5
ce0f77ab-fea8-4082-94ce-12e2de4a2c01.jpg,5
08d42b39-9b8f-42c3-9e1c-c4808075c672.jpg,5
ba361af6-847c-4ca5-b9f4-71b6642cf61c.jpg,5
92a3f1d3-7a10-4034-96c8-62501975c20b.jpg,5
c8ed41ad-2f22-4c79-b514-98a670bfb3b6.jpg,5
24c6c856-ba24-465c-8f7f-612da6ca747d.jpg,5
398209eb-529b-41e1-aa54-ab077b75fd66.jpg,5
174f1a23-e7fa-4111-bbb0-8161839ed978.jpg,5
74234957-d11d-4a23-aa9e-fd4c779edc03.jpg,5
1612a073-400c-47dd-9a31-0f6c6bf48113.jpg,5
b83af9ec-fd3c-44dc-8d70-09b19fc051b0.jpg,5
397655c5-1d85-41c6-aeef-ad92fdd47324.jpg,5
835a3fa1-fbc0-4c80-b5e8-b46ca9ac2d18.jpg,5
584a2c32-5d4e-48f3-870b-7255eb0188bc.jpg,22
a7cd2ec2-edd1-473b-9a22-11e2218ca1ff.jpg,5
27a60c23-39f8-4a92-a86a-e78f2cb229ad.jpg,5
7b8a0e32-ee95-4f14-a9eb-5c51710a9a5a.jpg,5
d49839d0-4b5e-44b1-b06f-c5c50569c383.jpg,5
f294081e-bab8-40d9-a3d7-e8e6ef309fdb.jpg,5
fa215363-1874-4cb5-9620-9786c3b29172.jpg,5
7f7bdca1-2c9d-482a-b1d8-cb683c4f9836.jpg,5
1fdd85e8-7c75-4908-85d5-26c8a8402b7b.jpg,5
04db8488-047f-4f91-9198-408d4477992f.jpg,5
72645b20-be74-4978-b840-2ce0bcfbafe7.jpg,5
04dcbb88-a9c5-4d4e-8f1f-a5b35f681447.jpg,5
118927e7-2e59-4971-9363-b8449eae774e.jpg,5
e233c04a-5062-4703-9933-ce91bc063247.jpg,5
7051c36d-3f25-498c-a0b9-0299edb23ef0.jpg,5
dbf39cd5-a9d9-4a95-816c-b67b95678be2.jpg,5
7652fadf-e710-4dca-883a-b84dd15b624b.jpg,5
b70564b0-139f-4fee-b895-09953ef46b8b.jpg,5
7312e487-44da-486f-b030-1ca439f6c359.jpg,5
5f92fa09-6ad7-431b-8a67-7faaa922acc8.jpg,5
936b4ab4-a63c-4235-a66a-db5797c92d65.jpg,5
fc8ec7f0-3333-4252-97bd-4182b72fc8a8.jpg,5
97e17a7a-7c6d-42a4-bcf4-eb8aa5874618.jpg,5
bf4cb078-b791-48b1-9618-d3bb25a45f54.jpg,5
c83a7c8e-6eed-4138-86f8-8bb17bbd3fc5.jpg,5
72ddc3fa-a0e7-490f-8698-b3d10036427b.jpg,6
fb283037-0cf4-4b3c-ac4d-866b294c87df.jpg,6
ce9aa2c8-3682-4c16-808a-59e4f385bde9.jpg,6
3fc976a7-020c-47b9-8128-3ac6689fca62.jpg,6
cfa4f567-d6b4-4344-a42c-c39bedac9a63.jpg,6
8ccd4ec2-1c4e-41bd-81ab-3d4719e677ce.jpg,6
b4f7ef74-9e3e-4a75-bb07-6bc31ad641fe.jpg,6
a3168705-6a3f-457a-832d-e874686dce06.jpg,6
f9927095-90af-44b9-b080-591661290ba8.jpg,6
aa97a4fe-a0a0-4048-a693-58a12551fd5a.jpg,6
687d2092-b782-4236-9ef7-e50066f44324.jpg,6
2cf4f92c-1e91-4efc-8158-d261e471bc87.jpg,14
e4b34cd4-8ea5-4383-9071-7b4263174e15.jpg,14
a35b372d-67f6-4ccf-b476-3cc1c79bb764.jpg,22
f665322e-f40b-4523-8046-07c59234ad29.jpg,22
1f33c8dc-081a-484c-8bd7-abb8bdaf8d89.jpg,22
8300acd3-23c0-487c-87d2-1d0f816078bd.jpg,22
0b13f57c-7b75-425e-9ffa-407d0070adf1.jpg,22
627b4c2a-74aa-40da-bee6-3cbfe02497b7.jpg,22
c4e68901-4844-4090-8dba-3ba961dacb0d.jpg,22
d9e098c1-7ed5-49ef-8d60-2741c491cc48.jpg,6
34408600-eaff-4958-a954-ff876bcc6fba.jpg,22
9a52097d-de0c-4bf3-aa27-47d8f2830a0f.jpg,22
32ee056b-3658-4d99-aa4a-b85c1cc2379c.jpg,22
17d4aa71-9030-4b17-ae33-daa3135f3503.jpg,22
de89a024-d234-4156-905e-cc83bb077b86.jpg,22
02b7de1d-24d9-4a8f-947c-1d1c5ea89a4d.jpg,6
689869c3-431c-44bc-aaf6-3e0bbaa1ef0a.jpg,14
d8b2753e-45f5-426e-85b9-e83c558e482d.jpg,22
768dc6a6-6772-4ae6-a247-dbc86bdac9d5.jpg,22
075574b0-acbb-4747-8d35-8d9a13b5b547.jpg,22
81b837e5-da87-4a22-ae32-732cd4c5c8ee.jpg,3
c9b5e266-6c37-4d87-b79c-2b52b51f6317.jpg,3
26822de5-da3f-47fe-ae89-c2a1391c7f10.jpg,22
9d501102-121e-42ba-911f-b79b9b60c7cc.jpg,20
2d42eb17-c251-4863-bfec-9151fb856d71.jpg,3
89707ac6-c78c-4407-a8e9-a41cb6d100f9.jpg,3
7e89c78b-c537-43f1-9ff0-38d8e3f0eea8.jpg,3
ec324d9e-80d6-48c0-8b38-6d8a8edd0ef0.jpg,3
52b99625-f434-4059-9002-675d246345ca.jpg,3
2193f84e-830c-4fdf-8a18-230f53906ef2.jpg,3
ad2e5843-d588-4062-be64-12c12e78a476.jpg,3
606d1a15-0fb9-497f-b7b8-abe15db14249.jpg,3
09787bb2-45b2-4b31-99af-f3004b1e80b0.jpg,3
57289802-4952-42dc-af6d-9b0a36f48e67.jpg,3
9bc10f8c-a0d3-4e40-9f91-2fede65136e3.jpg,3
1664ff25-8366-4edb-9bba-9a1bb06d54cf.jpg,3
3f834070-00bb-4366-881c-70cf7cf841a6.jpg,3
fb079b39-2966-419e-815e-a5b43bf8d4f6.jpg,22
0fea8c99-0c00-4e6c-8b9f-b342e1e9ed91.jpg,3
5cb83454-b085-425f-9778-ed55e0036a7e.jpg,3
68be346f-6544-4fdc-a061-42ea18bb1bd9.jpg,3
9a7072d7-d9a4-48d9-ad37-17c6df1b68d4.jpg,3
43008b54-ee9e-42f5-849c-7f4ab4e28b77.jpg,3
7cb2bbe2-fd7e-4649-b4cc-1e57caff5b94.jpg,22
86dc39a0-dc0f-4c42-96e8-8a83baa08787.jpg,3
296cd195-fc5a-49f0-849d-959444144a54.jpg,3
b196786d-080f-48fc-a956-cf74f707db42.jpg,3
fae4a3a1-60dd-4663-bd90-d5482fe97f68.jpg,3
747943b0-eb1d-4d50-b90f-e6ddce4034a4.jpg,3
bc7da689-43f0-42fa-b5fc-8f89ef6715ba.jpg,3
fdbf88fa-b629-470f-b72b-58e460fbbe3b.jpg,3
e10fb02e-1f81-4b33-99e0-be8ac99ceb3f.jpg,22
88066785-9966-454e-8cbf-1ea305a12553.jpg,3
75f26213-65b4-4564-a918-630b0c245802.jpg,3
328c1d29-e976-4d4c-91fe-27b4c387a259.jpg,3
adebf28e-bc9f-49d0-bc9c-91663e40fb47.jpg,3
0f20837e-fd93-4acf-b938-917028ad1023.jpg,3
5f12e51f-c616-47ed-b010-b226ecab4f8d.jpg,3
d8c83578-6ede-48f1-9e70-464872818ddd.jpg,3
646f2c6d-283e-4160-8dc4-900f94eaa37e.jpg,3
9bb7d694-3c22-4ee9-8602-17f5b100fa3b.jpg,3
2238839c-8872-43b2-808b-6fd12953bd0e.jpg,3
9d65a1a1-50e8-4538-bed2-2b31b675207d.jpg,3
3c3621cf-a25c-4db3-ab22-62a6cf7eff3e.jpg,22
916af40a-97cd-4b55-9572-7ca6239e9f9a.jpg,3
6d52d6d5-9779-4e2a-99c7-77d731dc3894.jpg,3
2768ce37-60ba-479a-9b2c-c0fd9a57eb13.jpg,3
fd9276e1-9c08-43c9-b85c-f4e0aa09fe9b.jpg,3
07eaf143-2021-4927-9516-1373a48ed516.jpg,20
20f741da-0d23-4ab8-aea4-cd0a1bc27bf3.jpg,3
0ef47e90-48ab-4478-92f5-5739ac63382b.jpg,3
e7a97795-af29-42d7-8bda-7b03695be95d.jpg,20
757dbf47-ce0b-42b2-839d-ef22eb531001.jpg,22
208413dd-a2bc-4400-8677-96c3645773f2.jpg,3
e9300cb2-f7a8-44fa-9740-a758340a5120.jpg,3
0681ea0d-b47c-4d3e-bae8-8a7706391d03.jpg,3
0082aea2-3d59-4903-8e24-0d872e3d6ef7.jpg,22
cdb009fc-4d1a-4bdf-bcdd-213705897403.jpg,3
470e57bd-3db1-4dc0-9be5-fbfa151da7fe.jpg,3
d2bcb241-9a06-4d8c-866c-71c432afcdf5.jpg,3
c5d569c1-d98a-4fe9-bb1f-965f64686d18.jpg,3
939ccde7-ed19-41a8-a307-4502430d590b.jpg,3
8229f2fe-6573-4a3a-861e-4a94f392051f.jpg,22
3b351f8e-4191-4357-9f68-4ce58187030a.jpg,3
32d193e7-bf3b-4439-ae2b-4b9baee2cf8c.jpg,3
a1d71ccb-aa60-439e-871b-74f5ccab24d6.jpg,4
ab75e564-1834-4f8a-b8c1-28902c3e0a00.jpg,4
7b074c29-f94b-4b57-aaaf-9c6da18bf319.jpg,4
e4f64bb3-e7d0-4cee-9846-1ed53324a4a5.jpg,22
63065fbe-223f-468f-ab77-01327b3a2f44.jpg,4
43b3052a-11b6-410f-9dae-c8c60b347bb2.jpg,22
ea11503b-de43-43e3-b46b-6a84e528217c.jpg,22
9daf6dc7-ab1c-43fa-a733-ae9131d3686a.jpg,22
7e548b62-5c95-478e-b61f-7a6fb0cd631b.jpg,22
b28a4c8d-ace9-4439-bdda-8b0a2819dbc4.jpg,22
